pair_no,ori,maeku_text,tsukeku_text,overlap,maeku_bui_hand,maeku_bui_auto,tsukeku_bui_hand,tsukeku_bui_auto,bui_distance_hand,bui_distance_auto,bui_na
1,初折表,雪ながら山本かすむ夕べかな,行く水とほく梅にほふ里,1.0,降物・聳物・時分,降物,水辺・植物・居所,植物,1.0,1.0,false
2,初折表,行く水とほく梅にほふ里,川風に一むら柳春見えて,1.0,水辺・植物・居所,植物,水辺・植物,水辺・聳物・植物,0.333333,0.666667,false
3,初折表,川風に一むら柳春見えて,舟さす音もしるきあけがた,1.0,水辺・植物,水辺・聳物・植物,水辺・時分,水辺,0.666667,0.666667,false
4,初折表,舟さす音もしるきあけがた,月や猶霧わたる夜に残るらん,1.0,水辺・時分,水辺,光物・聳物・時分,光物・聳物・時分,0.75,1.0,false
5,初折表,月や猶霧わたる夜に残るらん,霜おく野はら秋は暮れけり,1.0,光物・聳物・時分,光物・聳物・時分,降物・時分,"",0.75,,true
6,初折表,霜おく野はら秋は暮れけり,なく蟲の心ともなく草かれて,1.0,降物・時分,"",動物・植物,人倫・植物,1.0,,true
7,初折表,なく蟲の心ともなく草かれて,かきねをとへばあらはなるみち,1.0,動物・植物,人倫・植物,居所,"",1.0,,true
8,初折表,かきねをとへばあらはなるみち,山ふかき里やあらしに送るらん,1.0,居所,"",山類・居所,"",0.5,,true
9,初折裏,山ふかき里やあらしに送るらん,なれぬすまひぞさびしさもうき,1.0,山類・居所,"",居所・述懐,"",0.666667,,true
10,初折裏,なれぬすまひぞさびしさもうき,今更にひとり有る身をおもふなよ,1.0,居所・述懐,"",述懐・人倫,"",0.666667,,true
11,初折裏,今更にひとり有る身をおもふなよ,うつろはんとはかねてしらずや,1.0,述懐・人倫,"",述懐,"",0.5,,true
12,初折裏,うつろはんとはかねてしらずや,置きわぶる露こそ花に哀れなれ,1.0,述懐,"",降物・植物,降物・植物,1.0,,true
13,初折裏,置きわぶる露こそ花に哀れなれ,まだ残る日のうち霞むかげ,1.0,降物・植物,降物・植物,光物・聳物,"",1.0,,true
14,初折裏,まだ残る日のうち霞むかげ,暮れぬとや鳴きつゝ鳥の帰るらん,1.0,光物・聳物,"",動物・時分,動物,1.0,,true
15,初折裏,暮れぬとや鳴きつゝ鳥の帰るらん,深山をゆけばわく空もなし,1.0,動物・時分,動物,山類,聳物,1.0,1.0,false
16,初折裏,深山をゆけばわく空もなし,はるゝまも袖は時雨の旅衣,1.0,山類,聳物,降物・旅・衣裳,降物・旅,1.0,1.0,false
17,初折裏,はるゝまも袖は時雨の旅衣,わが草枕月ややつさん,1.0,降物・旅・衣裳,降物・旅,旅・光物,旅・光物,0.75,0.666667,false
18,初折裏,わが草枕月ややつさん,いたづらに明かす夜おほく秋更けて,1.0,旅・光物,旅・光物,時分,時分,1.0,1.0,false
19,初折裏,いたづらに明かす夜おほく秋更けて,夢にうらむる荻の上風,1.0,時分,時分,植物,植物・聳物,1.0,1.0,false
20,初折裏,夢にうらむる荻の上風,見しはみな古郷人の跡もうし,1.0,植物,植物・聳物,名所・述懐,"",1.0,,true
21,初折裏,見しはみな古郷人の跡もうし,老の行方よなににかゝらん,1.0,名所・述懐,"",述懐,"",0.5,,true
22,初折裏,老の行方よなににかゝらん,色もなき言の葉をだに哀れしれ,1.0,述懐,"",述懐,"",0.0,,true
23,二折表,色もなき言の葉をだに哀れしれ,それも友なる夕暮の空,1.0,述懐,"",時分,聳物,1.0,,true
24,二折表,それも友なる夕暮の空,雲にけふ花ちりはつる嶺越えて,1.0,時分,聳物,聳物・植物・山類,聳物・植物,1.0,0.5,false
25,二折表,雲にけふ花ちりはつる嶺越えて,きけば今はの春のかりがね,1.0,聳物・植物・山類,聳物・植物,動物,"",1.0,,true
26,二折表,きけば今はの春のかりがね,おぼろげの月かは人も待てしばし,1.0,動物,"",光物,光物,1.0,,true
27,二折表,おぼろげの月かは人も待てしばし,かりねの露の秋の明けぼの,1.0,光物,光物,降物・時分・旅,旅・降物,1.0,1.0,false
28,二折表,かりねの露の秋の明けぼの,末野なる里ははるかに霧立ちて,1.0,降物・時分・旅,旅・降物,聳物・居所,聳物,1.0,1.0,false
29,二折表,末野なる里ははるかに霧立ちて,吹きくる風はころもうつ聲,1.0,聳物・居所,聳物,衣裳,聳物,1.0,0.0,false
30,二折表,吹きくる風はころもうつ聲,さゆる日も身は袖うすき暮毎に,1.0,衣裳,聳物,光物・時分・衣裳,"",0.666667,,true
31,二折表,さゆる日も身は袖うすき暮毎に,たのむもはかなつま木とる山,1.0,光物・時分・衣裳,"",山類,植物,1.0,,true
32,二折表,たのむもはかなつま木とる山,さりともの此の世の道はつきはてて,1.0,山類,植物,述懐,"",1.0,,true
33,二折表,さりともの此の世の道はつきはてて,心ぼそしやいづちゆかまし,1.0,述懐,"",述懐,人倫,0.0,,true
34,二折表,心ぼそしやいづちゆかまし,命のみ待つことにするきぬぎぬに,1.0,述懐,人倫,衣裳・恋,"",1.0,,true
35,二折表,命のみ待つことにするきぬぎぬに,なほ何なれや人の戀しき,1.0,衣裳・恋,"",恋,"",0.5,,true
36,二折表,なほ何なれや人の戀しき,君を置きてあかずも誰をおもふらん,1.0,恋,"",恋・人倫,"",0.5,,true
37,二折裏,君を置きてあかずも誰をおもふらん,そのおもかげにたるだになし,0.888889,恋・人倫,"",恋,"",0.5,,true
38,二折裏,そのおもかげにたるだになし,草木さへふるき都の恨みにて,1.0,恋,"",植物・名所・述懐,"",1.0,,true
39,二折裏,草木さへふるき都の恨みにて,身のうき宿も名残こそあれ,1.0,植物・名所・述懐,"",居所・述懐,"",0.75,,true
40,二折裏,身のうき宿も名残こそあれ,たらちねのとほからぬ跡になぐさめよ,1.0,居所・述懐,"",人倫・述懐,"",0.666667,,true
41,二折裏,たらちねのとほからぬ跡になぐさめよ,月日の末や夢にめぐらむ,1.0,人倫・述懐,"",光物,"",1.0,,true
42,二折裏,月日の末や夢にめぐらむ,この岸をもろこし舟のかぎりにて,1.0,光物,"",水辺,水辺,1.0,,true
43,二折裏,この岸をもろこし舟のかぎりにて,また生まれこぬ法をきかばや,1.0,水辺,水辺,釈教,"",1.0,,true
44,二折裏,また生まれこぬ法をきかばや,あふまでとおもひの露の消え帰り,1.0,釈教,"",降物・恋,降物,1.0,,true
45,二折裏,あふまでとおもひの露の消え帰り,身を秋風も人だのめなり,1.0,降物・恋,降物,恋,"",0.5,,true
46,二折裏,身を秋風も人だのめなり,松むしのなく音かひなきよもぎふに,1.0,恋,"",動物・植物,植物,1.0,,true
47,二折裏,松むしのなく音かひなきよもぎふに,しめゆふ山は月のみぞすむ,1.0,動物・植物,植物,山類・光物・神祇,光物,1.0,1.0,false
48,二折裏,しめゆふ山は月のみぞすむ,鐘に我ただあらましのね覚めして,1.0,山類・光物・神祇,光物,釈教,釈教,1.0,1.0,false
49,二折裏,鐘に我ただあらましのね覚めして,いただきけりな夜な夜なの霜,1.0,釈教,釈教,降物,"",1.0,,true
50,二折裏,いただきけりな夜な夜なの霜,冬がれのあしたづわびてたてる江に,1.0,降物,"",動物・水辺,"",1.0,,true
51,三折表,冬がれのあしたづわびてたてる江に,夕しほ風のとほつ舟人,1.0,動物・水辺,"",水辺・人倫,聳物,0.666667,,true
52,三折表,夕しほ風のとほつ舟人,行方なき霞やいづくはてならん,1.0,水辺・人倫,聳物,聳物,聳物,1.0,0.0,false
53,三折表,行方なき霞やいづくはてならん,くるかた見えぬ山ざとのはる,1.0,聳物,聳物,山類・居所,"",1.0,,true
54,三折表,くるかた見えぬ山ざとのはる,茂みよりたえだえ残る花おちて,1.0,山類・居所,"",植物,植物,1.0,,true
55,三折表,茂みよりたえだえ残る花おちて,木の本わくるみちの露けさ,1.0,植物,植物,植物・降物,"",0.5,,true
56,三折表,木の本わくるみちの露けさ,秋はなどもらぬ岩やも時雨るらん,1.0,植物・降物,"",降物・山類,降物,0.666667,,true
57,三折表,秋はなどもらぬ岩やも時雨るらん,こけの袂も月はなれけり,1.0,降物・山類,降物,光物・衣裳,光物,1.0,1.0,false
58,三折表,こけの袂も月はなれけり,心あるかぎりぞしるきよすて人,1.0,光物・衣裳,光物,釈教・述懐,人倫,1.0,1.0,false
59,三折表,心あるかぎりぞしるきよすて人,をさまる波に舟いづる見ゆ,1.0,釈教・述懐,人倫,水辺,水辺,1.0,1.0,false
60,三折表,をさまる波に舟いづる見ゆ,朝なぎの空に跡なき夜の雲,1.0,水辺,水辺,時分・聳物,時分・聳物,1.0,1.0,false
61,三折表,朝なぎの空に跡なき夜の雲,雪にさやけき四方のとほ山,1.0,時分・聳物,時分・聳物,降物・山類,降物,1.0,1.0,false
62,三折表,雪にさやけき四方のとほ山,嶺の庵木の葉ののちも住みあかで,1.0,降物・山類,降物,山類・居所・植物,植物,0.75,1.0,false
63,三折表,嶺の庵木の葉ののちも住みあかで,さびしさならふ松風の聲,1.0,山類・居所・植物,植物,植物,"",0.666667,,true
64,三折表,さびしさならふ松風の聲,誰かこのあかつきおきをかさねまし,1.0,植物,"",時分・恋,"",1.0,,true
65,三折裏,誰かこのあかつきおきをかさねまし,月はしるやの旅ぞかなしき,1.0,時分・恋,"",光物・旅,光物・旅,1.0,,true
66,三折裏,月はしるやの旅ぞかなしき,露ふかみ霜さへしをる秋の袖,1.0,光物・旅,光物・旅,降物・衣裳,降物,1.0,1.0,false
67,三折裏,露ふかみ霜さへしをる秋の袖,うす花すゝきちらまくもをし,0.923077,降物・衣裳,降物,植物,植物,1.0,1.0,false
68,三折裏,うす花すゝきちらまくもをし,うづらなくかた山暮れてさむき日に,1.0,植物,植物,動物・山類・時分,"",1.0,,true
69,三折裏,うづらなくかた山暮れてさむき日に,野となる里もわびつゝぞすむ,1.0,動物・山類・時分,"",居所・述懐,"",1.0,,true
70,三折裏,野となる里もわびつゝぞすむ,かへりこば待ちしおもひを人やみん,1.0,居所・述懐,"",恋,"",1.0,,true
71,三折裏,かへりこば待ちしおもひを人やみん,うときもたれかこゝろなるべき,1.0,恋,"",恋,"",0.0,,true
72,三折裏,うときもたれかこゝろなるべき,むかしよりただあやにくの戀の道,1.0,恋,"",恋,"",0.0,,true
73,三折裏,むかしよりただあやにくの戀の道,わすられがたき世さへうらめし,1.0,恋,"",恋,"",0.0,,true
74,三折裏,わすられがたき世さへうらめし,山がつになど春秋のしらるらん,1.0,恋,"",山類・人倫,"",1.0,,true
75,三折裏,山がつになど春秋のしらるらん,植ゑぬ草葉のしげき柴の戸,1.0,山類・人倫,"",植物・居所,"",1.0,,true
76,三折裏,植ゑぬ草葉のしげき柴の戸,かたはらにかきほのあら田返しすて,1.0,植物・居所,"",居所・植物,"",0.0,,true
77,三折裏,かたはらにかきほのあら田返しすて,行く人かすむ雨のくれがた,1.0,居所・植物,"",聳物・降物・時分,降物,1.0,,true
78,三折裏,行く人かすむ雨のくれがた,やどりせん野を鴬やいとふらん,1.0,聳物・降物・時分,降物,動物,"",1.0,,true
79,名残折表,やどりせん野を鴬やいとふらん,さ夜もしづかにさくらさくかげ,1.0,動物,"",光物・植物・時分,時分,1.0,,true
80,名残折表,さ夜もしづかにさくらさくかげ,とぼし火をそむくる花に明け初めて,1.0,光物・植物・時分,時分,植物・時分,植物,0.333333,1.0,false
81,名残折表,とぼし火をそむくる花に明け初めて,誰が手枕に夢は見えけん,1.0,植物・時分,植物,恋,"",1.0,,true
82,名残折表,誰が手枕に夢は見えけん,契りはやおもひたえつゝ年もへぬ,1.0,恋,"",恋,"",0.0,,true
83,名残折表,契りはやおもひたえつゝ年もへぬ,今はのよはひ山もたづねじ,0.9,恋,"",山類・述懐,"",1.0,,true
84,名残折表,今はのよはひ山もたづねじ,かくす身を人はなきにもなしつらん,1.0,山類・述懐,"",述懐,"",0.5,,true
85,名残折表,かくす身を人はなきにもなしつらん,さてもうき世にかゝる玉の緒,1.0,述懐,"",述懐,"",0.0,,true
86,名残折表,さてもうき世にかゝる玉の緒,松の葉をただあさ夕のけぶりにて,1.0,述懐,"",植物・時分,植物,1.0,,true
87,名残折表,松の葉をただあさ夕のけぶりにて,浦曲のさとよいかにすむらん,1.0,植物・時分,植物,水辺・居所,"",1.0,,true
88,名残折表,浦曲のさとよいかにすむらん,秋風のあらいそ枕ふしわびぬ,1.0,水辺・居所,"",水辺・旅,"",0.666667,,true
89,名残折表,秋風のあらいそ枕ふしわびぬ,鴈なく山の月更くるそら,1.0,水辺・旅,"",動物・山類・光物,光物,1.0,,true
90,名残折表,鴈なく山の月更くるそら,小萩はらうつろふ露も明日やみん,1.0,動物・山類・光物,光物,植物・降物,植物・降物,1.0,1.0,false
91,名残折表,小萩はらうつろふ露も明日やみん,あだの大野をこゝろなる人,1.0,植物・降物,植物・降物,人倫,"",1.0,,true
92,名残折表,あだの大野をこゝろなる人,忘るなよかぎりやかはる夢うつゝ,1.0,人倫,"",述懐,"",1.0,,true
93,名残折裏,忘るなよかぎりやかはる夢うつゝ,おもへばいつをいにしへにせん,1.0,述懐,"",述懐,"",0.0,,true
94,名残折裏,おもへばいつをいにしへにせん,佛たちかくれては又出づる世に,1.0,述懐,"",釈教,"",1.0,,true
95,名残折裏,佛たちかくれては又出づる世に,かれし林も春風ぞふく,1.0,釈教,"",植物,"",1.0,,true
96,名残折裏,かれし林も春風ぞふく,山はけさいく霜夜にかかすむらん,1.0,植物,"",山類・降物・聳物,"",1.0,,true
97,名残折裏,山はけさいく霜夜にかかすむらん,けぶり長閑に見ゆるかり庵,1.0,山類・降物・聳物,"",聳物・居所,"",0.75,,true
98,名残折裏,けぶり長閑に見ゆるかり庵,いやしきも身ををさむるは有りつべし,1.0,聳物・居所,"",人倫,"",1.0,,true
99,名残折裏,いやしきも身ををさむるは有りつべし,人におしなべ道ぞたゞしき,1.0,人倫,"",人倫,"",0.0,,true
